{ "data": [
{
    "Velocity":30,
    "Shoulder Rotation":130,
    "Elbow Flexion":80,
    "Arm Slot":22
},
{"Velocity":32.00000,"Shoulder Rotation":127.000000,"Elbow Flexion":88.000000,"Arm Slot":30.000000},
{"Velocity":28.00000,"Shoulder Rotation":120.000000,"Elbow Flexion":104.000000,"Arm Slot":19.000000},
{"Velocity":40.00000,"Shoulder Rotation":140.000000,"Elbow Flexion":110.000000,"Arm Slot":30.000000}
]
}